"ds","y"
2020-01-19 01:04:37,3.26
2020-01-18 23:06:59,3.7
2020-01-18 20:53:58,4.1
2020-01-18 20:33:25,3
2020-01-18 20:05:55,4.4
2020-01-18 19:48:12,2.6
2020-01-18 19:37:38,2.9
2020-01-18 18:57:57,2.8
2020-01-18 18:12:16,3.32
2020-01-18 17:47:20,3.53
2020-01-18 14:36:58,3.1
2020-01-18 14:13:08,3.23
2020-01-18 13:42:29,2.5
2020-01-18 12:57:01,3.51
2020-01-18 11:27:29,3.21
2020-01-18 09:29:09,2.95
2020-01-18 07:18:57,3.15
2020-01-18 06:22:09,2.8
2020-01-18 04:47:16,3.54
2020-01-18 04:44:35,3.8
2020-01-18 04:34:06,3.73
2020-01-18 02:59:12,4.01
2020-01-18 00:36:14,3.1
2020-01-17 23:39:51,3.1
2020-01-17 22:59:04,2.42
2020-01-17 21:29:59,3.1
2020-01-17 18:02:36,4.3
2020-01-17 15:48:12,3.74
2020-01-17 15:40:08,3.51
2020-01-17 13:52:35,3.1
2020-01-17 13:38:13,2.25
2020-01-17 13:30:52,3.8
2020-01-17 11:13:17,3.1
2020-01-17 11:01:06,3.2
2020-01-17 09:03:07,2.78
2020-01-17 08:52:17,3.93
2020-01-17 07:55:24,3.1
2020-01-17 06:32:59,4.2
2020-01-17 06:17:07,3
2020-01-17 06:03:54,3.2
2020-01-17 05:54:59,3.4
2020-01-17 05:49:38,3.5
2020-01-17 05:18:11,3.3
2020-01-17 05:02:37,3.46
2020-01-17 04:25:53,3.5
2020-01-17 03:28:41,3.45
2020-01-17 02:47:36,3.5
2020-01-17 00:16:29,2.9
2020-01-16 23:19:27,3
2020-01-16 22:47:52,3.1
2020-01-16 22:14:36,2.9
2020-01-16 21:46:07,3.04
2020-01-16 21:32:52,2.7
2020-01-16 20:48:06,3.3
2020-01-16 20:18:56,3.17
2020-01-16 19:38:39,3.78
2020-01-16 19:18:28,3.4
2020-01-16 18:07:55,3.2
2020-01-16 17:21:08,3.29
2020-01-16 17:15:19,3.8
2020-01-16 16:58:47,4.3
2020-01-16 16:37:16,2.88
2020-01-16 15:24:14,3.55
2020-01-16 14:34:37,3.8
2020-01-16 14:16:33,2.49
2020-01-16 14:06:46,1.78
2020-01-16 12:52:51,3.03
2020-01-16 12:12:56,3.35
2020-01-16 10:36:19,2.93
2020-01-16 10:23:47,3.04
2020-01-16 10:22:45,2.97
2020-01-16 09:53:00,3.68
2020-01-16 09:21:41,3.2
2020-01-16 09:18:55,3.2
2020-01-16 09:09:57,3.9
2020-01-16 08:45:15,2.9
2020-01-16 08:33:26,3
2020-01-16 07:23:13,3
2020-01-16 07:20:06,3.2
2020-01-16 06:47:26,3.4
2020-01-16 04:41:24,3.2
2020-01-16 03:46:56,2.7
2020-01-16 03:16:45,3.2
2020-01-16 02:28:48,3.1
2020-01-16 01:58:44,3.4
2020-01-16 00:01:33,2.72
2020-01-15 23:55:34,3.4
2020-01-15 23:27:39,2.38
2020-01-15 23:02:56,3.4
2020-01-15 22:51:23,4
2020-01-15 22:14:48,3.32
2020-01-15 21:56:37,2.9
2020-01-15 21:48:57,2.8
2020-01-15 20:24:48,3.63
2020-01-15 19:30:59,3.1
2020-01-15 18:45:37,3
2020-01-15 17:47:15,2.89
2020-01-15 17:41:10,3.54
2020-01-15 17:34:07,2.11
2020-01-15 17:29:55,2.48
2020-01-15 17:16:16,2.54
2020-01-15 17:08:05,3.7
2020-01-15 17:06:58,2.2
2020-01-15 16:50:51,2.8
2020-01-15 16:32:01,2.46
2020-01-15 16:27:53,4.1
2020-01-15 16:21:05,3.16
2020-01-15 16:11:18,2.68
2020-01-15 16:00:40,4
2020-01-15 15:52:14,3.5
2020-01-15 15:49:47,3.9
2020-01-15 15:12:49,3.48
2020-01-15 14:52:51,2.84
2020-01-15 14:50:53,2.51
2020-01-15 14:42:06,2.39
2020-01-15 14:38:03,2.2
2020-01-15 14:23:14,2.57
2020-01-15 13:40:46,2.22
2020-01-15 13:34:57,2.99
2020-01-15 13:27:50,2.66
2020-01-15 13:20:41,2.56
2020-01-15 13:17:14,2.5
2020-01-15 13:04:53,2.47
2020-01-15 13:02:22,2.92
2020-01-15 13:01:08,2.05
2020-01-15 12:58:45,1.26
2020-01-15 12:53:42,2
2020-01-15 12:36:56,3.1
2020-01-15 12:27:06,2.32
2020-01-15 12:19:37,2.6
2020-01-15 12:18:13,1.82
2020-01-15 12:13:35,2.67
2020-01-15 12:10:01,2.85
2020-01-15 12:05:01,2.88
2020-01-15 12:03:58,2.35
2020-01-15 12:01:00,1.97
2020-01-15 11:36:23,5.2
2020-01-15 10:54:43,2.68
2020-01-15 10:33:31,2.63
2020-01-15 10:17:55,2.58
2020-01-15 10:16:06,2.03
2020-01-15 10:05:08,2.57
2020-01-15 08:54:14,2.65
2020-01-15 08:38:07,2.31
2020-01-15 08:21:33,2.7
2020-01-15 08:18:20,1.95
2020-01-15 07:41:39,2.81
2020-01-15 07:24:04,2.42
2020-01-15 06:40:48,1.93
2020-01-15 06:28:41,2.59
2020-01-15 06:01:30,2.06
2020-01-15 05:36:34,2.47
2020-01-15 05:34:07,2.06
2020-01-15 05:07:18,3
2020-01-15 04:44:33,2.84
2020-01-15 04:37:40,2.41
2020-01-15 04:20:44,2.69
2020-01-15 04:14:48,3.56
2020-01-15 03:47:33,2.6
2020-01-15 03:18:45,3.24
2020-01-15 03:13:58,2.78
2020-01-15 03:10:40,2.42
2020-01-15 03:02:43,2.84
2020-01-15 02:46:22,1.15
2020-01-15 02:34:14,3.41
2020-01-15 02:26:30,2.65
2020-01-15 02:16:41,2.76
2020-01-15 02:07:16,1.92
2020-01-15 01:52:35,2.03
2020-01-15 01:47:31,2.25
2020-01-15 01:32:22,2.66
2020-01-15 01:24:01,2.07
2020-01-15 00:40:49,2.84
2020-01-15 00:31:24,1.76
2020-01-15 00:18:42,2.91
2020-01-15 00:10:29,2.6
2020-01-14 23:58:38,2.98
2020-01-14 23:50:58,2.73
2020-01-14 23:34:31,3.08
2020-01-14 22:34:26,2.96
2020-01-14 22:30:38,3
2020-01-14 21:53:07,2.62
2020-01-14 21:42:31,2.48
2020-01-14 21:37:17,2.28
2020-01-14 21:15:28,2.71
2020-01-14 20:37:52,2.67
2020-01-14 20:34:15,2.72
2020-01-14 19:56:11,2.98
2020-01-14 19:46:15,2.31
2020-01-14 19:27:37,3.6
2020-01-14 19:25:48,3.14
2020-01-14 19:05:52,2.43
2020-01-14 19:01:05,2.8
2020-01-14 18:53:12,2.66
2020-01-14 18:49:23,2.78
2020-01-14 18:45:41,3.15
2020-01-14 18:40:19,2.3
2020-01-14 18:27:43,4.3
2020-01-14 18:22:03,2.4
2020-01-14 18:16:37,2.86
2020-01-14 17:57:56,2.27
2020-01-14 17:51:48,3.1
2020-01-14 17:51:21,3
2020-01-14 17:43:38,3.03
2020-01-14 17:34:57,2.64
2020-01-14 17:24:37,2
2020-01-14 17:19:08,1.98
2020-01-14 17:16:18,2.6
2020-01-14 16:57:25,1.31
2020-01-14 15:42:08,3.3
2020-01-14 15:40:06,3
2020-01-14 15:28:08,2.37
2020-01-14 15:26:14,2.5
2020-01-14 15:09:40,2.68
2020-01-14 14:58:50,2.53
2020-01-14 14:49:35,3.7
2020-01-14 14:47:56,3.3
2020-01-14 14:38:37,2.71
2020-01-14 14:33:59,3.21
2020-01-14 14:20:18,2.44
2020-01-14 13:39:02,1.94
2020-01-14 13:23:29,2.42
2020-01-14 12:44:20,3.7
2020-01-14 12:07:30,2.6
2020-01-14 12:03:53,4.1
2020-01-14 11:54:48,2.8
2020-01-14 11:50:49,2.75
2020-01-14 11:41:12,1.59
2020-01-14 11:35:51,3.25
2020-01-14 11:31:14,2.5
2020-01-14 11:26:32,3.04
2020-01-14 11:03:15,2.87
2020-01-14 10:52:33,2.52
2020-01-14 10:48:08,4.3
2020-01-14 10:09:19,3.31
2020-01-14 10:02:19,3.38
2020-01-14 09:56:27,1.69
2020-01-14 09:47:00,2.52
2020-01-14 09:38:09,2.62
2020-01-14 09:22:32,2.19
2020-01-14 09:14:50,2.73
2020-01-14 09:11:02,2.47
2020-01-14 08:49:39,2.59
2020-01-14 08:37:23,3.41
2020-01-14 08:26:41,4.6
2020-01-14 08:25:31,1.76
2020-01-14 08:11:01,2.55
2020-01-14 08:03:54,2.1
2020-01-14 07:56:28,3.3
2020-01-14 07:20:32,2.49
2020-01-14 07:06:52,3.59
2020-01-14 07:02:15,1.94
2020-01-14 06:48:35,2.63
2020-01-14 06:26:40,2.64
2020-01-14 04:42:34,2.34
2020-01-14 04:31:15,2.58
2020-01-14 04:21:28,3.06
2020-01-14 04:11:59,2.57
2020-01-14 04:07:04,3.62
2020-01-14 03:47:18,2.6
2020-01-14 03:35:29,2.32
2020-01-14 03:31:18,2.53
2020-01-14 03:15:07,2.37
2020-01-14 03:11:30,2.57
2020-01-14 03:03:18,2.64
2020-01-14 02:50:12,2.2
2020-01-14 02:43:25,2.53
2020-01-14 02:34:34,2.41
2020-01-14 02:19:09,2.67
2020-01-14 02:11:06,2.97
2020-01-14 01:12:42,2.35
2020-01-14 01:06:37,1.49
2020-01-14 00:39:42,2.62
2020-01-14 00:31:52,2
2020-01-14 00:06:58,2.55
2020-01-14 00:01:15,1.5
2020-01-13 23:49:25,2.73
2020-01-13 23:32:28,2.61
2020-01-13 23:24:41,2.51
2020-01-13 23:04:34,2.01
2020-01-13 22:53:19,2.9
2020-01-13 22:37:14,2.61
2020-01-13 22:13:54,2.67
2020-01-13 22:00:32,2.47
2020-01-13 21:40:53,4
2020-01-13 21:31:18,3.7
2020-01-13 21:17:54,3.04
2020-01-13 21:04:45,2.55
2020-01-13 20:57:40,2.98
2020-01-13 20:48:10,3.12
2020-01-13 19:56:14,2.63
2020-01-13 19:45:03,2.6
2020-01-13 19:40:12,3.07
2020-01-13 19:13:43,2.44
2020-01-13 19:09:51,3.06
2020-01-13 18:40:56,3.8
2020-01-13 18:36:25,2.41
2020-01-13 18:23:53,2.2
2020-01-13 17:53:40,2.79
2020-01-13 17:43:36,3.5
2020-01-13 17:30:26,3.5
2020-01-13 17:24:35,2.56
2020-01-13 17:19:56,3.07
2020-01-13 17:04:48,3.02
2020-01-13 17:00:25,3.8
2020-01-13 16:46:40,4.1
2020-01-13 16:43:59,2.08
2020-01-13 16:18:18,2.53
2020-01-13 15:51:30,2.22
2020-01-13 15:46:17,2.26
2020-01-13 15:31:15,2.72
2020-01-13 15:20:07,2.65
2020-01-13 14:19:35,2.57
2020-01-13 14:13:42,2.52
2020-01-13 13:17:58,2.83
2020-01-13 13:12:50,3
2020-01-13 13:06:32,3.7
2020-01-13 13:02:13,3.23
2020-01-13 12:43:26,3.5
2020-01-13 12:19:11,3.9
2020-01-13 11:50:11,2.57
2020-01-13 11:37:50,2.31
2020-01-13 11:29:05,2.87
2020-01-13 11:10:27,3.3
2020-01-13 11:01:34,2.22
2020-01-13 10:49:47,2.64
2020-01-13 10:44:10,2.27
2020-01-13 10:36:47,1.8
2020-01-13 10:30:07,2.55
2020-01-13 10:18:34,2.54
2020-01-13 10:13:51,2.66
2020-01-13 10:03:22,3.6
2020-01-13 09:55:43,2.77
2020-01-13 09:49:37,2.66
2020-01-13 09:40:07,2.73
2020-01-13 09:27:44,2.81
2020-01-13 09:19:32,3.3
2020-01-13 08:58:02,3.54
2020-01-13 08:51:59,2.24
2020-01-13 08:41:44,2.23
2020-01-13 08:18:57,2.55
2020-01-13 08:13:27,2.66
2020-01-13 08:08:16,2.56
2020-01-13 07:58:46,2.72
2020-01-13 07:52:02,2.2
2020-01-13 07:33:59,2.91
2020-01-13 07:05:23,2.92
2020-01-13 07:02:51,1.82
2020-01-13 06:34:19,2.23
2020-01-13 06:22:30,2.77
2020-01-13 06:01:29,4.2
2020-01-13 05:53:04,3.26
2020-01-13 05:52:25,2.83
2020-01-13 05:48:30,2.6
2020-01-13 05:39:26,2.33
2020-01-13 05:29:10,2.27
2020-01-13 05:12:30,2.77
2020-01-13 05:01:49,1.84
2020-01-13 04:50:58,2.5
2020-01-13 04:48:31,1.97
2020-01-13 04:20:31,2.47
2020-01-13 04:01:17,3.52
2020-01-13 03:17:52,1.61
2020-01-13 03:13:56,2.55
2020-01-13 03:07:38,3.65
2020-01-13 03:03:08,1.92
2020-01-13 02:58:05,2.46
2020-01-13 02:54:12,2.51
2020-01-13 02:47:53,2.47
2020-01-13 02:41:50,2.67
2020-01-13 02:25:08,2.55
2020-01-13 02:19:35,2.76
2020-01-13 02:11:47,2.22
2020-01-13 02:02:39,2.49
2020-01-13 01:55:57,2.99
2020-01-13 01:53:31,2.47
2020-01-13 01:29:26,2.61
2020-01-13 01:22:26,2.81
2020-01-13 01:16:27,2.33
2020-01-13 00:51:54,2.34
2020-01-13 00:43:45,2.38
2020-01-13 00:15:07,2.72
2020-01-13 00:07:15,3.21
2020-01-12 23:44:20,2.97
2020-01-12 23:38:34,2.73
2020-01-12 23:25:10,2.69
2020-01-12 23:19:59,2.45
2020-01-12 23:15:49,2.05
2020-01-12 23:09:31,2.41
2020-01-12 23:05:20,4.5
2020-01-12 23:00:40,2.94
2020-01-12 22:52:30,4.3
2020-01-12 22:46:42,2.23
2020-01-12 22:28:12,2.53
2020-01-12 21:52:46,2.48
2020-01-12 21:26:37,2.63
2020-01-12 21:13:50,2.34
2020-01-12 21:08:36,2.09
2020-01-12 20:51:30,2.77
2020-01-12 20:37:09,2.22
2020-01-12 20:29:23,2.54
2020-01-12 20:21:37,2.51
2020-01-12 20:13:11,2.54
2020-01-12 20:08:06,2.15
2020-01-12 19:58:28,1.49
2020-01-12 19:33:43,3.57
2020-01-12 19:09:29,2.34
2020-01-12 19:05:53,2.5
2020-01-12 19:02:27,3.5
2020-01-12 18:53:49,1.75
2020-01-12 18:39:30,2.17
2020-01-12 18:35:44,2.21
2020-01-12 18:17:03,2.31
2020-01-12 18:06:54,2.64
2020-01-12 17:41:01,2.23
2020-01-12 17:34:36,2.02
2020-01-12 17:10:14,4.2
2020-01-12 17:01:02,3.7
2020-01-12 16:59:01,2.34
2020-01-12 16:53:37,2.32
2020-01-12 16:49:13,2.55
2020-01-12 15:53:39,2.24
2020-01-12 15:47:12,2.21
2020-01-12 15:28:55,2.49
2020-01-12 15:00:07,2.61
2020-01-12 14:39:15,2.66
2020-01-12 14:30:36,2.76
2020-01-12 14:08:27,3.2
2020-01-12 13:51:23,2.27
2020-01-12 13:23:25,2.47
2020-01-12 13:07:40,2.24
2020-01-12 12:57:45,2.95
2020-01-12 12:51:01,1.62
2020-01-12 12:50:22,1.66
2020-01-12 12:46:27,1.94
2020-01-12 12:40:22,2.13
2020-01-12 12:32:02,2.52
2020-01-12 12:28:02,2.94
2020-01-12 12:21:53,1.87
2020-01-12 12:17:49,2.8
2020-01-12 12:08:54,2.87
2020-01-12 12:06:15,2.2
2020-01-12 11:48:20,2.47
2020-01-12 11:06:35,2.35
2020-01-12 10:43:51,2.4
2020-01-12 10:39:34,2.79
2020-01-12 10:34:47,2.24
2020-01-12 10:25:08,2.19
2020-01-12 09:58:01,2.9
2020-01-12 09:53:09,2.61
2020-01-12 09:45:15,2.6
2020-01-12 09:41:10,3.06
2020-01-12 09:29:00,2.77
2020-01-12 09:25:19,2.65
2020-01-12 09:20:27,2.34
2020-01-12 08:41:28,2.15
2020-01-12 08:32:14,2.28
2020-01-12 08:27:19,2.49
2020-01-12 08:17:11,1.97
2020-01-12 08:01:10,2.94
2020-01-12 07:57:04,2.72
2020-01-12 07:54:25,1.64
2020-01-12 07:51:04,2.35
2020-01-12 07:40:36,2.75
2020-01-12 07:31:05,3.22
2020-01-12 07:29:27,2.3
2020-01-12 07:14:35,2.82
2020-01-12 07:09:19,2.67
2020-01-12 06:58:43,2.41
2020-01-12 06:55:00,4.5
2020-01-12 06:32:29,3.34
2020-01-12 06:27:47,2.68
2020-01-12 06:19:34,2.59
2020-01-12 06:07:21,2.6
2020-01-12 05:58:27,2.46
2020-01-12 05:56:03,2.53
2020-01-12 05:46:52,2.61
2020-01-12 05:42:40,2.52
2020-01-12 05:38:19,2.58
2020-01-12 05:33:24,3.49
2020-01-12 05:26:06,2.43
2020-01-12 05:14:04,2.15
2020-01-12 04:47:28,2.66
2020-01-12 04:39:14,2.69
2020-01-12 04:18:35,2.8
2020-01-12 04:16:24,2.65
2020-01-12 04:07:24,2.6
2020-01-12 03:59:56,4.9
2020-01-12 03:48:03,2.39
2020-01-12 03:36:09,2.31
2020-01-12 03:22:39,2.8
2020-01-12 03:07:55,2.23
2020-01-12 02:37:03,3.04
2020-01-12 02:24:38,2.43
2020-01-12 02:12:11,2.71
2020-01-12 01:56:43,2.7
2020-01-12 01:55:55,1.97
2020-01-12 01:35:19,3.54
2020-01-12 01:34:36,2.27
2020-01-12 01:26:32,2.51
2020-01-12 01:17:11,2.98
2020-01-12 01:15:35,2.18
2020-01-12 00:54:04,1.99
2020-01-12 00:47:38,2.86
2020-01-12 00:36:20,2.3
2020-01-12 00:33:29,2.15
2020-01-12 00:21:00,2.58
2020-01-12 00:06:29,2.79
2020-01-12 00:04:22,1.15
2020-01-11 23:56:42,1.98
2020-01-11 23:52:10,2.27
2020-01-11 23:41:52,2.4
2020-01-11 23:18:29,1.83
2020-01-11 23:12:41,2.67
2020-01-11 22:57:15,2.43
2020-01-11 22:52:04,1.94
2020-01-11 22:47:58,2.6
2020-01-11 22:36:21,2.3
2020-01-11 22:28:33,3.81
2020-01-11 21:50:58,2.28
2020-01-11 21:44:00,2.34
2020-01-11 21:23:41,2.37
2020-01-11 21:17:16,2.41
2020-01-11 21:00:05,3.9
2020-01-11 20:58:35,4.4
2020-01-11 20:58:25,4.1
2020-01-11 20:36:28,2.38
2020-01-11 20:13:54,1.95
2020-01-11 20:08:58,2.12
2020-01-11 20:01:40,1.37
2020-01-11 19:59:07,2.62
2020-01-11 19:49:40,4.6
2020-01-11 19:41:20,2.18
2020-01-11 19:37:18,1.98
2020-01-11 19:27:36,2.7
2020-01-11 19:14:05,2.35
2020-01-11 18:40:52,2.8
2020-01-11 18:15:03,2.46
2020-01-11 18:11:22,2.59
2020-01-11 17:55:48,1.74
2020-01-11 17:49:36,2.07
2020-01-11 17:39:42,3.5
2020-01-11 17:35:36,3.1
2020-01-11 17:26:44,3.55
2020-01-11 17:20:46,2.36
2020-01-11 17:11:29,2.26
2020-01-11 17:01:50,3.1
2020-01-11 16:51:05,2.46
2020-01-11 16:45:30,2.49
2020-01-11 16:18:53,3.1
2020-01-11 16:16:27,2.03
2020-01-11 16:12:19,2.7
2020-01-11 16:05:38,2.25
2020-01-11 15:50:51,2.43
2020-01-11 15:45:21,2.7
2020-01-11 15:40:56,2.5
2020-01-11 15:37:09,2.22
2020-01-11 15:33:20,2.39
2020-01-11 15:25:06,2.53
2020-01-11 15:07:28,2.8
2020-01-11 14:52:19,3
2020-01-11 14:46:56,2.93
2020-01-11 14:32:55,3.99
2020-01-11 14:29:20,2.28
2020-01-11 14:24:13,2.45
2020-01-11 14:17:06,1.89
2020-01-11 13:55:18,2.36
2020-01-11 13:47:11,2.77
2020-01-11 13:45:20,1.56
2020-01-11 13:33:48,2.65
2020-01-11 12:53:06,2.7
2020-01-11 12:13:36,2.73
2020-01-11 12:00:17,3.8
2020-01-11 11:50:02,3.9
2020-01-11 11:41:17,4.2
2020-01-11 11:31:13,4.1
2020-01-11 11:28:06,1.18
2020-01-11 11:22:02,2.41
2020-01-11 11:20:38,2.28
2020-01-11 11:16:51,2.37
2020-01-11 11:14:12,2.38
2020-01-11 11:04:24,2.34
2020-01-11 10:56:55,3.83
2020-01-11 10:53:57,2.08
2020-01-11 10:49:21,2.21
2020-01-11 10:45:30,2.93
2020-01-11 10:41:15,3.53
2020-01-11 10:39:27,2.54
2020-01-11 10:28:21,2.54
2020-01-11 10:23:44,2.04
2020-01-11 10:18:35,1.7
2020-01-11 10:17:15,2.35
2020-01-11 10:04:59,2.62
2020-01-11 09:59:49,4.1
2020-01-11 09:55:14,2.26
2020-01-11 09:51:40,4
2020-01-11 09:48:15,4.2
2020-01-11 09:43:45,3.63
2020-01-11 09:38:25,2.14
2020-01-11 09:24:29,3.35
2020-01-11 09:21:33,3.16
2020-01-11 09:16:23,3.5
2020-01-11 09:15:15,2.36
2020-01-11 09:11:42,3.81
2020-01-11 09:05:30,4.1
2020-01-11 09:04:16,1.35
2020-01-11 08:59:18,3.69
2020-01-11 08:56:22,5.2
2020-01-11 08:54:45,5.9
2020-01-11 08:53:57,2.14
2020-01-11 08:16:29,3.53
2020-01-11 08:08:16,2.1
2020-01-11 07:57:47,2.51
2020-01-11 07:40:10,2.63
2020-01-11 07:36:09,2.69
2020-01-11 07:27:47,2.86
2020-01-11 07:22:16,1.43
2020-01-11 07:14:53,3.5
2020-01-11 07:10:54,2.17
2020-01-11 07:06:28,2.51
2020-01-11 07:01:35,2.58
2020-01-11 06:47:18,2.88
2020-01-11 06:35:08,1.95
2020-01-11 06:29:44,2.01
2020-01-11 06:06:16,3.13
2020-01-11 05:29:25,3.72
2020-01-11 05:11:53,2.45
2020-01-11 05:06:54,2.79
2020-01-11 04:59:52,4.14
2020-01-11 04:55:48,2.76
2020-01-11 04:40:17,2.52
2020-01-11 04:39:29,2.58
2020-01-11 04:15:34,2.63
2020-01-11 04:10:45,2.81
2020-01-11 04:06:18,2.22
2020-01-11 04:02:45,2.38
2020-01-11 03:37:19,2.42
2020-01-11 03:28:42,3.7
2020-01-11 03:25:30,3.76
2020-01-11 03:19:06,3.58
2020-01-11 02:59:38,2.47
2020-01-11 02:55:27,2.38
2020-01-11 02:11:16,3.08
2020-01-11 01:29:20,2.3
2020-01-11 01:24:55,2.44
2020-01-11 01:21:18,2.58
2020-01-11 01:16:51,2.36
2020-01-11 01:08:43,2.47
2020-01-11 01:07:14,2.23
2020-01-11 00:59:24,2.56
2020-01-11 00:56:06,2.35
2020-01-11 00:20:58,3.5
2020-01-11 00:19:39,2.26
2020-01-11 00:18:17,1.85
2020-01-11 00:08:50,4
2020-01-11 00:08:28,2.63
2020-01-10 23:57:27,2.3
2020-01-10 23:53:19,2.19
2020-01-10 23:42:59,2.81
2020-01-10 23:31:37,3.65
2020-01-10 23:20:27,2.37
2020-01-10 22:56:39,2.7
2020-01-10 22:53:40,2.52
2020-01-10 22:49:20,2.87
2020-01-10 22:32:46,2.58
2020-01-10 22:28:21,4.8
2020-01-10 22:15:10,2.18
2020-01-10 22:10:58,2.97
2020-01-10 21:51:08,3.43
2020-01-10 21:05:52,2.64
2020-01-10 20:59:24,2.97
2020-01-10 20:27:51,2.7
2020-01-10 20:22:27,2.54
2020-01-10 20:15:10,2.06
2020-01-10 20:01:38,2.78
2020-01-10 19:35:44,2.79
2020-01-10 19:22:02,2.76
2020-01-10 19:11:32,2.97
2020-01-10 19:05:29,2.61
2020-01-10 18:59:12,1.84
2020-01-10 18:54:51,3.04
2020-01-10 18:34:30,2.41
2020-01-10 18:27:43,3.9
2020-01-10 18:26:25,5.2
2020-01-10 18:22:03,2.47
2020-01-10 18:06:02,1.8
2020-01-10 17:44:25,3.34
2020-01-10 16:41:53,2.05
2020-01-10 16:41:27,1.5
2020-01-10 16:27:45,2.49
2020-01-10 16:22:48,1.41
2020-01-10 16:13:57,2.3
2020-01-10 15:48:21,2.37
2020-01-10 15:25:43,2.38
2020-01-10 15:20:20,1.75
2020-01-10 15:15:23,2.75
2020-01-10 15:03:48,3.15
2020-01-10 15:01:59,2.53
2020-01-10 14:57:56,3.4
2020-01-10 14:24:36,2.03
2020-01-10 14:20:03,3.1
2020-01-10 14:03:06,2.13
2020-01-10 13:44:30,3.49
2020-01-10 13:41:14,1.83
2020-01-10 13:37:30,2.86
2020-01-10 13:33:33,2.17
2020-01-10 13:13:04,2.58
2020-01-10 12:52:01,2.63
2020-01-10 12:47:26,2.72
2020-01-10 12:39:50,2.37
2020-01-10 12:28:56,2.77
2020-01-10 12:00:51,2.36
2020-01-10 11:47:50,2.82
2020-01-10 11:34:21,2.89
2020-01-10 11:22:51,3.2
2020-01-10 11:13:56,1.62
2020-01-10 11:11:19,3
2020-01-10 10:59:22,2.47
2020-01-10 10:13:15,3.08
2020-01-10 09:54:28,3.28
2020-01-10 09:32:56,2.42
2020-01-10 09:23:24,3.16
2020-01-10 09:13:18,2.44
2020-01-10 08:47:58,2.32
2020-01-10 08:39:17,2.35
2020-01-10 08:18:58,2.24
2020-01-10 08:15:02,2.32
2020-01-10 08:07:42,2.35
2020-01-10 07:54:45,2.89
2020-01-10 07:45:33,2.58
2020-01-10 07:07:34,2.18
2020-01-10 06:45:10,2.21
2020-01-10 06:41:51,2.59
2020-01-10 06:14:34,2.32
2020-01-10 06:10:01,3.33
2020-01-10 05:43:58,2.5
2020-01-10 05:37:14,1.71
2020-01-10 05:33:34,1.66
2020-01-10 05:24:05,2.2
2020-01-10 05:15:14,2.72
2020-01-10 05:14:04,1.52
2020-01-10 05:06:34,2.8
2020-01-10 04:41:11,4.4
2020-01-10 04:14:21,3.3
2020-01-10 04:13:47,1.66
2020-01-10 04:05:28,4.6
2020-01-10 03:50:31,2.38
2020-01-10 03:34:45,2.06
2020-01-10 02:39:32,2.74
2020-01-10 02:06:46,2.58
2020-01-10 01:59:51,2.25
2020-01-10 01:13:42,2.33
2020-01-10 01:09:58,2.05
2020-01-10 00:49:33,2.91
2020-01-10 00:28:42,2.62
2020-01-10 00:07:07,2.41
2020-01-09 23:56:45,2.69
2020-01-09 23:51:47,2.55
2020-01-09 23:32:22,2.44
2020-01-09 23:04:01,3.22
2020-01-09 23:02:25,1.75
2020-01-09 22:57:22,1.99
2020-01-09 22:11:51,3.99
2020-01-09 22:06:39,1.62
2020-01-09 21:59:25,2.04
2020-01-09 21:57:27,2.87
2020-01-09 21:54:47,2.2
2020-01-09 21:27:31,2.64
2020-01-09 21:11:32,1.79
2020-01-09 20:49:34,2.2
2020-01-09 20:46:19,2.29
2020-01-09 20:31:48,2.1
2020-01-09 20:23:17,2.61
2020-01-09 19:39:51,3.3
2020-01-09 19:20:35,2.75
2020-01-09 19:03:24,2.21
2020-01-09 18:46:30,2.48
2020-01-09 18:41:47,2.04
2020-01-09 18:34:01,1.9
2020-01-09 18:22:09,2.33
2020-01-09 18:09:47,2.2
2020-01-09 18:03:38,1.78
2020-01-09 17:23:03,2.16
2020-01-09 17:01:13,2.54
2020-01-09 16:40:19,2.61
2020-01-09 16:30:52,1.47
2020-01-09 16:27:48,2.91
2020-01-09 16:20:43,3.05
2020-01-09 16:16:11,2.3
2020-01-09 16:11:23,3.8
2020-01-09 16:03:44,1.86
2020-01-09 15:56:54,2.31
2020-01-09 15:55:19,2.18
2020-01-09 15:51:03,2.92
2020-01-09 15:43:46,2.57
2020-01-09 15:26:45,2.61
2020-01-09 15:02:53,2.81
2020-01-09 14:41:17,2.48
2020-01-09 14:37:06,2.78
2020-01-09 14:28:52,2.75
2020-01-09 14:18:19,2.45
2020-01-09 14:10:59,2.39
2020-01-09 14:06:24,3.6
2020-01-09 13:58:23,2.23
2020-01-09 13:53:06,2.54
2020-01-09 13:49:38,2.29
2020-01-09 13:45:46,2.29
2020-01-09 13:27:30,2.29
2020-01-09 13:20:58,3.02
2020-01-09 13:10:40,2.43
2020-01-09 12:52:35,2.19
2020-01-09 12:46:17,2.57
2020-01-09 12:39:44,2.44
2020-01-09 12:13:25,2.99
2020-01-09 12:01:29,2.45
2020-01-09 11:49:57,2.48
2020-01-09 11:43:58,3.01
2020-01-09 11:00:45,2.5
2020-01-09 10:54:59,2.4
2020-01-09 10:44:23,2.98
2020-01-09 10:36:34,2.79
2020-01-09 10:27:31,2.68
2020-01-09 10:09:48,2.29
2020-01-09 09:46:35,2.31
2020-01-09 09:28:21,2.59
2020-01-09 09:14:41,2.8
2020-01-09 08:39:50,2.79
2020-01-09 08:32:05,2.81
2020-01-09 07:54:47,3.5
2020-01-09 07:43:58,2.03
2020-01-09 07:33:17,2.66
2020-01-09 07:24:41,4.42
2020-01-09 07:20:35,2.96
2020-01-09 06:41:27,2.51
2020-01-09 06:18:56,3.3
2020-01-09 06:11:55,2.33
2020-01-09 06:03:08,1.91
2020-01-09 05:41:35,2.29
2020-01-09 05:24:00,3.1
2020-01-09 04:39:24,3.57
2020-01-09 04:20:44,2.5
2020-01-09 04:03:12,2.52
2020-01-09 03:29:04,2.32
2020-01-09 03:25:13,2.46
2020-01-09 03:20:50,2.26
2020-01-09 03:11:29,2.5
2020-01-09 03:06:52,1.92
2020-01-09 02:58:56,2.3
2020-01-09 02:54:34,2.49
2020-01-09 02:31:29,2.75
2020-01-09 02:28:41,2.32
2020-01-09 02:11:08,1.94
2020-01-09 01:59:56,1.85
2020-01-09 01:55:26,2.94
2020-01-09 01:52:34,3.3
2020-01-09 01:50:26,3.5
2020-01-09 01:46:12,2.43
2020-01-09 01:42:18,3.72
2020-01-09 01:27:19,2.73
2020-01-09 01:14:34,2.32
2020-01-09 01:07:54,2.59
2020-01-09 01:03:13,4.17
2020-01-09 00:56:42,2.1
2020-01-09 00:47:44,2.39
2020-01-09 00:36:39,2.27
2020-01-09 00:28:38,2.41
2020-01-09 00:25:51,1.71
2020-01-09 00:10:04,2.07
2020-01-08 23:56:33,2.08
2020-01-08 23:50:55,2.29
2020-01-08 23:35:07,2.36
2020-01-08 23:31:03,3.17
2020-01-08 23:22:46,3.6
2020-01-08 23:21:37,2.97
2020-01-08 23:03:44,2.33
2020-01-08 22:47:57,2.33
2020-01-08 22:43:10,2.84
2020-01-08 22:10:27,2.43
2020-01-08 22:05:48,3.17
2020-01-08 22:04:13,2.13
2020-01-08 21:56:48,2.16
2020-01-08 21:51:26,1.99
2020-01-08 21:41:54,2.25
2020-01-08 21:34:04,2.65
2020-01-08 20:56:50,2.35
2020-01-08 20:46:03,2.7
2020-01-08 20:38:59,2.45
2020-01-08 20:35:08,1.9
2020-01-08 20:16:00,2.41
2020-01-08 20:07:24,2.12
2020-01-08 19:54:27,4.03
2020-01-08 19:24:35,2.17
2020-01-08 19:17:10,2.44
2020-01-08 18:57:10,2.34
2020-01-08 18:40:13,2.25
2020-01-08 18:16:50,2.4
2020-01-08 18:11:39,3.1
2020-01-08 18:05:30,3.7
2020-01-08 18:01:47,3.26
2020-01-08 17:55:52,2.57
2020-01-08 17:48:55,2.12
2020-01-08 17:34:01,1.89
2020-01-08 17:21:48,3.4
2020-01-08 17:21:08,2.37
2020-01-08 17:17:44,2.78
2020-01-08 17:07:41,2.83
2020-01-08 16:48:33,2.37
2020-01-08 16:36:28,3.33
2020-01-08 16:04:18,4.7
2020-01-08 15:54:28,2.71
2020-01-08 15:41:12,2.9
2020-01-08 15:08:55,2.49
2020-01-08 15:01:36,2.32
2020-01-08 14:51:14,2.06
2020-01-08 14:47:12,3.07
2020-01-08 14:44:14,4.06
2020-01-08 14:24:03,2.42
2020-01-08 14:06:49,2.21
2020-01-08 13:47:47,2.76
2020-01-08 13:20:39,2.07
2020-01-08 13:02:50,2.12
2020-01-08 12:50:42,1.88
2020-01-08 12:46:57,2.52
2020-01-08 12:41:03,2.75
2020-01-08 12:29:42,2.45
2020-01-08 12:27:47,2.2
2020-01-08 12:10:47,2.14
2020-01-08 11:45:42,4.2
2020-01-08 11:22:33,1.6
2020-01-08 11:07:27,2.9
2020-01-08 11:03:42,2.19
2020-01-08 10:47:26,2.26
2020-01-08 10:47:26,2.29
2020-01-08 10:19:03,2.45
2020-01-08 10:11:53,1.77
2020-01-08 09:39:50,2.28
2020-01-08 09:13:16,2.4
2020-01-08 08:41:22,4.2
2020-01-08 08:14:40,2.58
2020-01-08 07:49:10,3.5
2020-01-08 07:44:17,3.6
2020-01-08 07:36:15,3.6
2020-01-08 07:29:55,2.64
2020-01-08 06:59:47,2.48
2020-01-08 06:56:05,2.4
2020-01-08 06:33:08,3.4
2020-01-08 06:11:34,2.12
2020-01-08 06:07:37,3.8
2020-01-08 05:58:17,2.27
2020-01-08 05:53:45,2.42
2020-01-08 05:34:59,2.85
2020-01-08 05:31:47,2.44
2020-01-08 05:24:10,2.86
2020-01-08 05:19:57,4.1
2020-01-08 05:08:15,2
2020-01-08 04:59:51,2.02
2020-01-08 04:47:29,2.25
2020-01-08 04:42:00,1
2020-01-08 04:36:25,1.91
2020-01-08 04:25:29,2.08
2020-01-08 04:04:45,3.08
2020-01-08 03:49:09,2.24
2020-01-08 03:37:49,1.66
2020-01-08 03:33:25,2.79
2020-01-08 03:27:43,2.68
2020-01-08 03:18:26,2.56
2020-01-08 03:00:27,2.52
2020-01-08 02:57:54,2.53
2020-01-08 02:51:44,3.7
2020-01-08 02:44:18,2.62
2020-01-08 02:39:43,1.6
2020-01-08 02:27:03,2.68
2020-01-08 02:23:29,2.71
2020-01-08 02:07:10,2.41
2020-01-08 02:03:22,2.88
2020-01-08 01:51:15,2.68
2020-01-08 01:27:43,2.38
2020-01-08 01:22:25,2.12
2020-01-08 01:04:46,2.7
2020-01-08 00:51:29,3.2
2020-01-08 00:35:07,2.5
2020-01-08 00:03:13,2.6
2020-01-07 23:57:10,1.53
2020-01-07 23:52:48,4.12
2020-01-07 23:38:59,2.36
2020-01-07 23:13:17,2.8
2020-01-07 23:06:36,2.4
2020-01-07 22:46:10,2.23
2020-01-07 22:38:25,2.35
2020-01-07 22:17:00,3.2
2020-01-07 22:16:16,2.51
2020-01-07 22:00:36,2.74
2020-01-07 21:51:00,2.57
2020-01-07 21:39:45,3.06
2020-01-07 21:24:36,2.9
2020-01-07 21:20:09,3.2
2020-01-07 21:15:38,2.84
2020-01-07 20:59:49,4.2
2020-01-07 20:57:52,2.26
2020-01-07 20:48:11,2.81
2020-01-07 20:29:18,2.42
2020-01-07 20:25:21,2.2
2020-01-07 20:21:27,2.44
2020-01-07 20:05:00,2.4
2020-01-07 19:59:43,2.73
2020-01-07 19:47:57,2.42
2020-01-07 19:42:02,2.32
2020-01-07 19:38:25,2
2020-01-07 19:25:12,2.64
2020-01-07 19:20:01,3.3
2020-01-07 19:10:17,2.4
2020-01-07 19:08:26,1.76
2020-01-07 19:04:43,2.27
2020-01-07 18:54:22,2.3
2020-01-07 18:49:31,2.5
2020-01-07 18:16:04,3.12
2020-01-07 18:14:13,2.7
2020-01-07 17:47:44,2.27
2020-01-07 17:43:09,2.78
2020-01-07 17:35:40,2.94
2020-01-07 17:30:58,2.4
2020-01-07 17:01:48,2.45
2020-01-07 16:39:33,2.94
2020-01-07 16:32:59,4
2020-01-07 16:29:21,2.82
2020-01-07 16:12:02,2.74
2020-01-07 16:07:08,2.9
2020-01-07 15:58:56,3.5
2020-01-07 15:50:24,2.74
2020-01-07 15:32:59,2.55
2020-01-07 15:21:14,2.91
2020-01-07 15:17:22,2.38
2020-01-07 15:09:00,2.96
2020-01-07 14:43:46,4.3
2020-01-07 14:36:10,2.6
2020-01-07 14:20:29,2.54
2020-01-07 14:16:01,2.98
2020-01-07 14:10:55,4.2
2020-01-07 13:59:37,3.07
2020-01-07 13:46:09,3.46
2020-01-07 13:42:01,3.7
2020-01-07 13:31:21,3.5
2020-01-07 13:27:55,2.61
2020-01-07 12:50:54,3.6
2020-01-07 12:37:19,2.24
2020-01-07 12:27:07,4.6
2020-01-07 12:15:24,2.66
2020-01-07 12:04:30,3.8
2020-01-07 12:00:58,2.83
2020-01-07 11:55:11,4.2
2020-01-07 11:43:01,2.28
2020-01-07 11:34:15,2.26
2020-01-07 11:26:58,2.68
2020-01-07 11:23:44,2.61
2020-01-07 11:12:07,2.02
2020-01-07 10:54:57,2.86
2020-01-07 10:39:35,4.12
2020-01-07 10:23:38,4.4
2020-01-07 10:04:44,4.2
2020-01-07 09:26:02,2.91
2020-01-07 09:22:07,3.47
2020-01-07 09:16:33,1.55
2020-01-07 09:08:16,3.6
2020-01-07 09:00:22,4.5
2020-01-07 08:57:18,3.8
2020-01-07 08:54:42,4.7
2020-01-07 08:21:02,4.1
2020-01-07 08:10:44,4.4
2020-01-07 08:08:10,3.7
2020-01-07 08:01:29,2.09
2020-01-07 07:42:02,2.44
2020-01-07 07:28:19,4.4
2020-01-07 07:18:43,5.6
2020-01-07 07:14:50,4.5
2020-01-07 07:02:37,3.8
2020-01-07 06:28:10,4.1
2020-01-07 06:24:51,3.35
2020-01-07 06:13:55,4.3
2020-01-07 05:41:31,4.1
2020-01-07 05:35:37,4
2020-01-07 05:32:48,2
2020-01-07 05:27:26,2.2
2020-01-07 05:18:54,3.7
2020-01-07 05:08:57,4.1
2020-01-07 05:02:41,3.7
2020-01-07 05:01:12,3.9
2020-01-07 04:59:52,3.9
2020-01-07 04:50:45,5
2020-01-07 04:34:02,5.6
2020-01-07 04:24:26,6.4
2020-01-07 04:19:03,2.6
2020-01-07 04:01:28,2.89
2020-01-07 02:46:39,2.99
2020-01-07 02:36:20,2.6
2020-01-07 02:05:10,2.29
2020-01-07 01:59:48,2.51
2020-01-07 01:47:16,2.44
2020-01-07 01:21:13,1.73
2020-01-07 01:06:16,2.71
2020-01-07 01:00:06,2.8
2020-01-07 00:48:18,2.91
2020-01-07 00:24:50,2.44
2020-01-07 00:00:25,2.51
2020-01-06 23:36:06,2.62
2020-01-06 23:19:07,2.35
2020-01-06 23:05:07,2.85
2020-01-06 22:26:38,2.64
2020-01-06 21:40:46,2.42
2020-01-06 21:28:58,2.1
2020-01-06 21:24:23,2.42
2020-01-06 20:58:13,2.56
2020-01-06 20:51:03,2.31
2020-01-06 20:26:40,2.51
2020-01-06 19:46:06,2.71
2020-01-06 19:41:07,2.68
2020-01-06 19:19:40,2.21
2020-01-06 19:08:34,2.68
2020-01-06 18:35:51,2.46
2020-01-06 18:20:54,3.13
2020-01-06 18:05:07,2.93
2020-01-06 17:44:05,2.82
2020-01-06 17:37:55,4.4
2020-01-06 17:15:00,2.67
2020-01-06 17:11:36,1.82
2020-01-06 16:46:25,2.2
2020-01-06 16:39:16,2.84
2020-01-06 16:39:15,2.72
2020-01-06 16:23:18,2.8
2020-01-06 15:51:42,2.12
2020-01-06 15:37:10,2.08
2020-01-06 15:27:04,3.08
2020-01-06 15:21:30,2.06
2020-01-06 15:00:19,2.55
2020-01-06 14:36:01,1
2020-01-06 14:26:42,1.87
2020-01-06 14:21:37,2.96
2020-01-06 14:07:44,3.1
2020-01-06 13:54:34,2.57
2020-01-06 13:49:13,2.53
2020-01-06 13:46:53,2.44
2020-01-06 13:15:19,2.98
2020-01-06 12:47:27,2.25
2020-01-06 12:38:27,2.01
2020-01-06 12:34:06,2.31
2020-01-06 12:29:09,3.57
2020-01-06 12:16:15,2.76
2020-01-06 11:49:21,2.85
2020-01-06 11:20:14,3.25
2020-01-06 11:12:54,3.05
2020-01-06 11:08:07,2.37
2020-01-06 10:58:19,4.3
2020-01-06 10:51:17,4.9
2020-01-06 10:45:58,2.44
2020-01-06 10:14:41,2.47
2020-01-06 10:10:41,0.85
2020-01-06 10:10:32,1
2020-01-06 10:10:10,1.94
2020-01-06 10:07:24,3.29
2020-01-06 10:04:50,2.52
2020-01-06 10:00:34,1.8
2020-01-06 09:58:03,2.88
2020-01-06 09:51:35,2.67
2020-01-06 09:38:40,2.57
2020-01-06 09:23:28,1.41
2020-01-06 09:19:15,1.95
2020-01-06 09:11:45,2.19
2020-01-06 09:05:37,2.15
2020-01-06 08:56:39,2.22
2020-01-06 08:44:38,3.15
2020-01-06 08:29:11,1.94
2020-01-06 08:24:02,0.91
2020-01-06 08:12:00,2.25
2020-01-06 08:07:31,3.02
2020-01-06 08:01:56,2.37
2020-01-06 07:55:23,3.06
2020-01-06 07:53:43,2.06
2020-01-06 07:47:34,2.55
2020-01-06 07:39:36,3.05
2020-01-06 07:28:46,2.46
2020-01-06 07:23:05,2.54
2020-01-06 07:15:41,2.56
2020-01-06 07:12:02,2.97
2020-01-06 07:07:52,2.46
2020-01-06 07:06:19,2.29
2020-01-06 07:03:02,2.34
2020-01-06 06:56:44,2.53
2020-01-06 06:52:40,2.18
2020-01-06 06:49:58,2.82
2020-01-06 06:48:24,2.32
2020-01-06 06:40:59,2.46
2020-01-06 06:36:16,3.17
2020-01-06 06:33:36,2.29
2020-01-06 06:32:18,5.8
2020-01-06 05:58:02,2.92
2020-01-06 04:27:52,2.31
2020-01-06 03:43:55,3.03
2020-01-06 03:16:32,2.92
2020-01-06 00:23:51,2.12
2020-01-05 22:59:33,2.9
2020-01-05 19:12:20,2.41
2020-01-05 15:20:10,2.3
2020-01-05 11:46:49,2.45
2020-01-05 03:25:13,2.79
2020-01-05 00:23:22,2.74
2020-01-04 17:42:24,2.53
2020-01-04 12:57:01,2.25
2020-01-04 10:57:29,2.55
2020-01-04 07:17:34,2.28
2020-01-04 05:32:11,1.9
2020-01-04 05:15:39,2.15
2020-01-04 01:40:57,2.7
2020-01-04 01:23:02,2.81
2020-01-04 01:17:42,2.59
2020-01-03 21:07:55,2.4
2020-01-03 20:21:02,2.58
2020-01-03 18:01:39,2.58
2020-01-03 17:26:11,2.55
2020-01-03 16:17:52,2.65
2020-01-03 14:14:37,2.39
2020-01-03 13:46:40,2.45
2020-01-03 12:52:12,3.6
2020-01-03 12:20:12,2.38
2020-01-03 12:03:45,2.61
2020-01-03 10:32:19,2.37
2020-01-03 09:38:42,2.21
2020-01-03 09:24:05,2.44
2020-01-03 06:11:03,2.59
2020-01-03 05:00:26,2.57
2020-01-03 04:19:20,2.99
2020-01-03 04:02:17,2.34
2020-01-03 03:16:48,2.47
2020-01-03 02:09:00,2.56
2020-01-03 00:21:50,3.06
2020-01-03 00:03:45,2.74
2020-01-02 23:41:15,4.7
2020-01-02 22:07:25,3.18
2020-01-02 22:02:53,2.19
2020-01-02 19:48:15,2.65
2020-01-02 18:31:27,3.15
2020-01-02 18:25:41,3
2020-01-02 17:42:59,2.84
2020-01-02 17:37:01,2.63
2020-01-02 17:23:24,2.7
2020-01-02 17:09:05,2.41
2020-01-02 17:00:45,2.55
2020-01-02 16:54:12,2.6
2020-01-02 16:42:02,4.5
2020-01-02 12:49:40,3.6
2020-01-02 11:42:52,2.29
2020-01-02 11:33:40,2.77
2020-01-02 11:18:14,2.35
2020-01-02 08:38:33,2.43
2020-01-02 08:22:30,2.41
2020-01-02 07:57:39,2.47
2020-01-02 07:47:57,2.36
2020-01-02 07:27:18,2.52
2020-01-02 06:23:40,2.22
2020-01-02 06:23:10,1.52
2020-01-02 05:11:45,2.5
2020-01-02 02:30:46,2.49
2020-01-02 01:43:10,2.2
2020-01-01 23:37:55,2.45
2020-01-01 23:03:57,2.25
2020-01-01 20:59:51,2.75
2020-01-01 20:43:19,2.81
2020-01-01 20:16:39,2.25
2020-01-01 20:12:02,3.12
2020-01-01 20:05:37,2.43
2020-01-01 20:03:45,3
2020-01-01 19:44:01,2.57
2020-01-01 19:10:24,1.62
2020-01-01 19:03:45,2.38
2020-01-01 18:23:42,1.97
2020-01-01 18:16:31,2
2020-01-01 18:13:41,1.4
2020-01-01 17:44:12,1.81
2020-01-01 17:42:24,1.56
2020-01-01 17:41:34,1.71
2020-01-01 17:39:40,1.46
2020-01-01 17:38:31,1.86
2020-01-01 17:28:23,1.95
2020-01-01 17:25:29,1.97
2020-01-01 17:09:08,1.49
2020-01-01 16:58:47,1.53
2020-01-01 16:56:51,1.83
2020-01-01 16:56:09,1.72
2020-01-01 16:44:46,1.33
2020-01-01 16:41:49,1.68
2020-01-01 16:37:31,2.03
2020-01-01 16:28:29,2.21
2020-01-01 16:15:51,2.49
2020-01-01 16:12:44,2.25
2020-01-01 16:09:11,1.91
2020-01-01 16:04:55,1.99
2020-01-01 16:04:26,1.41
2020-01-01 16:01:47,1.53
2020-01-01 15:48:25,1.49
2020-01-01 15:39:56,1.49
2020-01-01 15:18:55,1.5
2020-01-01 15:16:45,1.47
2020-01-01 15:14:56,1.89
2020-01-01 15:10:15,1.72
2020-01-01 14:49:07,2.23
2020-01-01 14:48:05,1.7
2020-01-01 14:45:27,2.03
2020-01-01 14:41:37,1.89
2020-01-01 14:36:21,1.7
2020-01-01 14:35:46,1.67
2020-01-01 14:30:32,2.18
2020-01-01 14:12:06,1.79
2020-01-01 13:46:49,1.74
2020-01-01 13:39:28,1.65
2020-01-01 13:32:23,1.48
2020-01-01 13:26:59,0.84
2020-01-01 13:22:39,1.83
2020-01-01 13:19:10,1.47
2020-01-01 13:17:43,2.06
2020-01-01 13:17:00,2.26
2020-01-01 13:07:17,1.66
2020-01-01 13:05:38,1.88
2020-01-01 13:04:06,2.68
2020-01-01 12:58:55,1.85
2020-01-01 12:46:52,1.87
2020-01-01 12:44:41,2.33
2020-01-01 12:42:07,1.69
2020-01-01 12:41:05,1.33
2020-01-01 12:38:36,2.07
2020-01-01 12:36:11,1.28
2020-01-01 12:28:23,2.26
2020-01-01 12:27:23,1.38
2020-01-01 12:26:50,1.81
2020-01-01 12:19:06,1.87
2020-01-01 12:16:02,2.07
2020-01-01 12:11:45,1.77
2020-01-01 12:02:12,1.65
2020-01-01 11:43:07,2.08
2020-01-01 11:40:34,1.44
2020-01-01 11:17:23,1.98
2020-01-01 11:16:17,1.58
2020-01-01 11:13:13,2.48
2020-01-01 10:47:24,2.19
2020-01-01 10:44:04,1.75
2020-01-01 10:41:45,1.54
2020-01-01 10:37:50,1.94
2020-01-01 10:35:23,2.24
2020-01-01 10:32:42,2.16
2020-01-01 10:29:32,1.85
2020-01-01 10:23:21,2.55
2020-01-01 10:21:59,1.84
2020-01-01 10:16:22,1.95
2020-01-01 10:14:51,1.99
2020-01-01 10:13:45,1.61
2020-01-01 10:13:14,1.94
2020-01-01 10:06:02,1.56
2020-01-01 10:01:19,1.77
2020-01-01 09:56:03,2.72
2020-01-01 09:49:09,1.47
2020-01-01 09:38:26,1.57
2020-01-01 09:35:33,1.89
2020-01-01 09:29:37,2.5
2020-01-01 09:29:03,1.61
2020-01-01 09:17:21,1.62
2020-01-01 09:16:21,2.26
2020-01-01 09:05:53,1.85
2020-01-01 08:52:54,2.39
2020-01-01 08:36:00,2.14
2020-01-01 08:07:26,2.85
2020-01-01 08:06:44,1.49
2020-01-01 07:58:48,2.3
2020-01-01 07:47:21,1.82
2020-01-01 07:46:52,1.26
2020-01-01 07:40:09,1.89
2020-01-01 07:35:57,1.29
2020-01-01 07:25:53,2.22
2020-01-01 07:21:39,2.21
2020-01-01 07:07:32,2.84
2020-01-01 06:59:48,3.64
2020-01-01 06:55:32,2.11
2020-01-01 06:54:48,1.65
2020-01-01 06:50:38,2.13
2020-01-01 06:49:48,1.71
2020-01-01 06:46:15,2.89
2020-01-01 06:33:10,2.08
2020-01-01 06:25:01,1.63
2020-01-01 05:59:29,2.45
2020-01-01 05:22:01,1.9
2020-01-01 05:10:24,1.95
2020-01-01 05:05:13,2.81
2020-01-01 04:35:50,2.18
2020-01-01 04:22:42,2.69
2020-01-01 04:20:12,2.07
2020-01-01 04:06:41,2.63
2020-01-01 03:49:37,2.12
2020-01-01 03:42:43,2.8
2020-01-01 03:27:46,1.71
2020-01-01 03:24:10,1.88
2020-01-01 03:22:22,1.67
2020-01-01 03:06:41,1.71
2020-01-01 02:59:27,2.08
2020-01-01 02:54:42,1.95
2020-01-01 02:45:04,2.42
2020-01-01 02:40:34,2.27
2020-01-01 02:37:02,2.38
2020-01-01 02:35:34,1.89
2020-01-01 02:33:06,1.52
2020-01-01 02:31:20,1.74
2020-01-01 02:30:05,1.68
2020-01-01 02:23:31,3.09
2020-01-01 02:15:46,2.68
2020-01-01 02:15:04,1.22
2020-01-01 02:12:36,2.3
2020-01-01 02:11:56,1.74
2020-01-01 02:05:11,1.59
2020-01-01 02:02:45,1.48
2020-01-01 02:00:35,1.97
2020-01-01 01:55:38,1.72
2020-01-01 01:49:15,1.57
2020-01-01 01:23:38,1.65
2020-01-01 00:46:13,2.23
2020-01-01 00:27:01,1.64
2020-01-01 00:17:08,2.01
2020-01-01 00:08:09,2.27
2020-01-01 00:04:28,2.39
2019-12-31 23:56:19,2.04
2019-12-31 23:49:49,1.81
2019-12-31 23:39:16,2.11
2019-12-31 23:34:07,1.59
2019-12-31 23:32:09,2.03
2019-12-31 23:30:22,2
2019-12-31 23:22:27,1.77
2019-12-31 23:19:17,1.51
2019-12-31 23:08:06,1.56
2019-12-31 23:06:45,1.48
2019-12-31 23:02:07,2.14
2019-12-31 22:59:41,2.04
2019-12-31 22:56:36,1.38
2019-12-31 22:51:55,1.94
2019-12-31 22:49:58,1.67
2019-12-31 22:48:08,1.89
2019-12-31 22:44:09,1.87
2019-12-31 22:36:22,2.22
2019-12-31 22:25:17,1.93
2019-12-31 22:18:14,2.25
2019-12-31 22:16:03,2.1
2019-12-31 22:09:33,2.34
2019-12-31 22:00:47,2.35
2019-12-31 21:58:26,1.98
2019-12-31 21:57:04,2.44
2019-12-31 21:55:28,2.79
2019-12-31 21:53:44,2.15
2019-12-31 21:45:30,2.24
2019-12-31 21:32:31,2.71
2019-12-31 21:29:34,1.77
2019-12-31 21:28:43,1.76
2019-12-31 21:26:58,1.78
2019-12-31 21:25:09,2.32
2019-12-31 21:21:27,2.08
2019-12-31 21:20:17,2.6
2019-12-31 21:11:50,1.95
2019-12-31 21:11:07,1.95
2019-12-31 21:06:34,1.9
2019-12-31 21:03:43,2.06
2019-12-31 21:01:30,1.46
2019-12-31 20:44:45,2.27
2019-12-31 20:38:00,2.8
2019-12-31 20:34:58,1.91
2019-12-31 20:33:28,1.7
2019-12-31 20:32:02,1.78
2019-12-31 20:30:09,2.25
2019-12-31 20:28:19,1.48
2019-12-31 20:25:06,1.92
2019-12-31 20:20:01,1.77
2019-12-31 20:18:15,1.99
2019-12-31 20:15:30,2.03
2019-12-31 20:12:32,2.02
2019-12-31 20:09:20,1.64
2019-12-31 20:05:36,1.84
2019-12-31 20:05:09,1.81
2019-12-31 19:59:40,1.9
2019-12-31 19:54:01,2.19
2019-12-31 19:53:33,1.51
2019-12-31 19:48:57,1.73
2019-12-31 19:47:12,2.05
2019-12-31 19:38:39,2.45
2019-12-31 19:37:09,1.52
2019-12-31 19:29:30,1.69
2019-12-31 19:27:32,1.58
2019-12-31 19:25:49,1.96
2019-12-31 19:24:42,2.46
2019-12-31 19:22:31,1.8
2019-12-31 19:19:36,1.48
2019-12-31 19:19:18,1.5
2019-12-31 19:18:53,1.88
2019-12-31 19:17:13,2.83
2019-12-31 19:15:32,1.7
2019-12-31 19:15:03,1.62
2019-12-31 19:14:33,1.73
2019-12-31 19:13:37,1.63
2019-12-31 19:12:55,1.85
2019-12-31 19:12:16,1.85
2019-12-31 19:11:32,1.89
2019-12-31 19:11:15,1.51
2019-12-31 19:07:42,4.2
2019-12-31 19:04:12,2.67
2019-12-31 18:53:54,2.22
2019-12-31 18:40:03,2.28
2019-12-31 18:31:41,1.59
2019-12-31 18:23:22,1.67
2019-12-31 18:11:31,3.1
2019-12-31 18:06:36,1.84
2019-12-31 18:04:19,1.52
2019-12-31 18:02:56,3.22
2019-12-31 17:59:28,1.37
2019-12-31 17:57:06,1.43
2019-12-31 17:49:57,2.16
2019-12-31 17:48:44,1.75
2019-12-31 17:34:33,2.92
2019-12-31 17:28:40,1.39
2019-12-31 17:17:01,1.65
2019-12-31 16:50:11,2.2
2019-12-31 16:48:29,1.54
2019-12-31 16:47:27,1.67
2019-12-31 16:45:35,2.63
2019-12-31 16:33:42,2.21
2019-12-31 16:25:28,2.41
2019-12-31 15:50:18,2.26
2019-12-31 15:40:30,2.37
2019-12-31 14:45:44,1.99
2019-12-31 14:43:54,1.88
2019-12-31 14:34:30,2.02
2019-12-31 14:33:21,2.08
2019-12-31 14:07:40,1.58
2019-12-31 14:05:37,1.29
2019-12-31 14:04:13,2.41
2019-12-31 13:54:52,1.71
2019-12-31 13:54:09,1.96
2019-12-31 13:42:16,1.8
2019-12-31 13:34:01,2.63
2019-12-31 13:32:23,1.79
2019-12-31 13:14:08,1.64
2019-12-31 13:11:45,1.92
2019-12-31 13:04:28,2.67
2019-12-31 13:02:53,2.19
2019-12-31 13:01:36,1.71
2019-12-31 12:47:14,1.73
2019-12-31 12:44:36,2.83
2019-12-31 12:34:54,2.14
2019-12-31 12:32:30,2.64
2019-12-31 12:31:54,1.88
2019-12-31 12:24:10,1.7
2019-12-31 12:22:04,2.13
2019-12-31 12:16:47,2.61
2019-12-31 12:12:52,1.59
2019-12-31 12:09:34,1.76
2019-12-31 12:03:02,1.38
2019-12-31 11:59:10,3.37
2019-12-31 11:40:32,1.57
2019-12-31 11:25:58,1.81
2019-12-31 11:00:01,1.85
2019-12-31 10:57:03,2.02
2019-12-31 10:28:26,2.35
2019-12-31 10:28:00,1.47
2019-12-31 10:26:22,0.88
2019-12-31 10:25:49,1.29
2019-12-31 10:23:35,1.66
2019-12-31 10:07:10,1.95
2019-12-31 10:00:04,1.81
2019-12-31 09:45:16,2.13
2019-12-31 09:37:11,2.02
2019-12-31 09:34:03,1.96
2019-12-31 09:05:28,1.74
2019-12-31 09:01:57,2.33
2019-12-31 08:15:29,2.31
2019-12-31 08:08:42,2.22
2019-12-31 08:05:48,1.67
2019-12-31 07:53:17,1.72
2019-12-31 07:51:12,1.55
2019-12-31 07:43:40,1.75
2019-12-31 07:22:49,2.27
2019-12-31 07:17:06,1.75
2019-12-31 07:15:47,2.16
2019-12-31 07:14:02,1.55
2019-12-31 07:13:15,2.33
2019-12-31 07:10:37,2.02
2019-12-31 07:09:55,1.54
2019-12-31 07:07:43,2.19
2019-12-31 07:06:47,2.04
2019-12-31 07:03:44,3.45
2019-12-31 07:01:34,1.94
2019-12-31 06:31:45,2.04
2019-12-31 06:15:07,1.68
2019-12-31 06:13:44,1.93
2019-12-31 06:02:47,1.62
2019-12-31 05:51:23,2.18
2019-12-31 05:50:01,2.06
2019-12-31 05:39:37,1.35
2019-12-31 05:37:25,1.43
2019-12-31 05:32:40,1.74
2019-12-31 05:16:13,1.82
2019-12-31 04:58:21,1.7
2019-12-31 04:40:58,1.55
2019-12-31 04:37:10,2.22
2019-12-31 04:27:30,2.94
2019-12-31 04:25:11,1.62
2019-12-31 04:19:28,1.79
2019-12-31 04:19:01,1.66
2019-12-31 04:00:20,1.97
2019-12-31 03:53:23,1.32
2019-12-31 03:50:25,1.76
2019-12-31 03:42:59,1.9
2019-12-31 03:42:10,1.57
2019-12-31 03:37:04,2.18
2019-12-31 03:35:21,1.95
2019-12-31 03:33:58,2.06
2019-12-31 03:31:30,1.61
2019-12-31 03:24:26,1.38
2019-12-31 03:22:11,1.67
2019-12-31 03:20:13,1.92
2019-12-31 03:03:24,2.07
2019-12-31 03:01:33,1.11
2019-12-31 02:43:02,2.11
2019-12-31 02:42:21,1.81
2019-12-31 02:27:34,1.61
2019-12-31 02:21:18,1.75
2019-12-31 02:08:36,1.94
2019-12-31 02:05:16,1.78
2019-12-31 02:02:53,1.75
2019-12-31 01:58:49,2.69
2019-12-31 01:50:51,2.17
2019-12-31 01:48:28,1.6
2019-12-31 01:46:24,2.09
2019-12-31 01:40:27,1.94
2019-12-31 01:37:50,2.13
2019-12-31 01:34:28,1.79
2019-12-31 01:33:07,1.52
2019-12-31 01:30:32,2.01
2019-12-31 01:24:39,3
2019-12-31 01:14:46,1.87
2019-12-31 01:08:51,2.79
2019-12-31 01:06:26,1.65
2019-12-31 00:44:11,2.08
2019-12-31 00:19:03,2.17
2019-12-31 00:06:05,2.48
2019-12-30 23:47:24,2.31
2019-12-30 23:44:10,1.87
2019-12-30 23:40:58,1.55
2019-12-30 23:34:38,1.66
2019-12-30 23:31:07,2.48
2019-12-30 23:24:53,1.54
2019-12-30 23:22:43,2.32
2019-12-30 23:09:19,1.88
2019-12-30 23:02:32,1.83
2019-12-30 22:35:11,1.52
2019-12-30 21:49:09,1.24
2019-12-30 21:48:18,1.85
2019-12-30 21:26:18,1.62
2019-12-30 21:15:36,1.44
2019-12-30 20:55:49,2.04
2019-12-30 20:53:17,1.69
2019-12-30 20:39:07,1.72
2019-12-30 20:39:06,1.83
2019-12-30 20:18:47,1.71
2019-12-30 20:17:50,1.96
2019-12-30 20:14:48,2.06
2019-12-30 20:07:20,1.55
2019-12-30 19:53:46,2
2019-12-30 19:15:54,2.22
2019-12-30 19:10:28,2.01
2019-12-30 19:01:21,2.03
2019-12-30 18:58:50,1.96
2019-12-30 18:52:08,1.91
2019-12-30 18:41:54,2.06
2019-12-30 18:25:23,2.15
2019-12-30 18:14:59,1.6
2019-12-30 18:09:16,2.52
2019-12-30 17:28:58,2.33
2019-12-30 17:01:50,1.58
2019-12-30 16:42:20,1.67
2019-12-30 16:11:12,2.56
2019-12-30 16:08:48,1.68
2019-12-30 15:59:20,2.75
2019-12-30 15:07:19,2.51
2019-12-30 14:26:22,1.38
2019-12-30 14:04:18,2.43
2019-12-30 13:41:55,2.56
2019-12-30 13:00:24,2.78
2019-12-30 12:54:22,2.33
2019-12-30 12:13:53,2.17
2019-12-30 10:29:52,1.85
2019-12-30 10:27:58,1.27
2019-12-30 10:27:09,1.69
2019-12-30 10:26:52,1.29
2019-12-30 10:24:28,1.59
2019-12-30 10:20:49,2.05
2019-12-30 09:24:39,2.8
2019-12-30 09:14:10,2.35
2019-12-30 09:09:29,2.15
2019-12-30 08:54:43,2.33
2019-12-30 08:25:06,1.9
2019-12-30 08:22:33,2.13
2019-12-30 08:16:32,1.66
2019-12-30 08:14:19,2.26
2019-12-30 08:01:43,2.42
2019-12-30 07:53:59,2.22
2019-12-30 07:48:42,2.35
2019-12-30 07:44:53,2.44
2019-12-30 07:41:33,2.03
2019-12-30 07:14:27,2.3
2019-12-30 07:04:11,2.28
2019-12-30 06:49:23,1.35
2019-12-30 06:35:04,2.59
2019-12-30 06:27:50,2.45
2019-12-30 06:24:22,2.36
2019-12-30 05:59:11,1.69
2019-12-30 05:46:52,1.86
2019-12-30 05:40:27,2.33
2019-12-30 05:36:11,2.39
2019-12-30 05:25:49,1.66
2019-12-30 04:42:19,2.04
2019-12-30 04:20:36,2.15
2019-12-30 04:03:55,1.94
2019-12-30 03:59:26,1.8
2019-12-30 03:37:25,2.34
2019-12-30 03:28:40,2
2019-12-30 03:27:16,1.64
2019-12-30 03:15:41,2.03
2019-12-30 03:10:35,2.05
2019-12-30 02:29:52,1.83
2019-12-30 01:34:14,2.02
2019-12-30 01:24:03,2.38
2019-12-30 01:05:14,1.95
2019-12-30 00:51:17,1.95
2019-12-30 00:25:23,2.48
2019-12-30 00:11:45,1.96
2019-12-30 00:02:12,2.02
2019-12-29 23:42:01,1.87
2019-12-29 23:21:16,1.91
2019-12-29 23:09:41,2.09
2019-12-29 22:30:37,2.2
2019-12-29 22:28:32,2.42
2019-12-29 22:25:05,1.82
2019-12-29 22:15:06,1.89
2019-12-29 22:02:59,2.25
2019-12-29 22:02:27,1.09
2019-12-29 21:59:00,2.97
2019-12-29 21:55:22,1.25
2019-12-29 21:54:33,2.25
2019-12-29 21:45:36,3.12
2019-12-29 21:24:11,1.46
2019-12-29 21:22:26,2.41
2019-12-29 21:01:36,2.02
2019-12-29 20:54:11,1.59
2019-12-29 20:48:16,1.88
2019-12-29 20:47:18,1.06
2019-12-29 20:45:14,1.84
2019-12-29 20:43:59,2.19
2019-12-29 20:13:16,1.7
2019-12-29 19:56:30,1.94
2019-12-29 19:42:46,2.07
2019-12-29 19:35:59,2.16
2019-12-29 19:30:14,3.2
2019-12-29 19:27:16,1.98
2019-12-29 18:34:23,2.11
2019-12-29 18:23:52,2.06
2019-12-29 18:15:30,2.07
2019-12-29 18:08:45,1.82
2019-12-29 17:50:00,2.74
2019-12-29 17:12:17,1.51
2019-12-29 17:10:04,1.9
2019-12-29 17:09:28,1.97
2019-12-29 17:00:31,1.79
2019-12-29 16:59:52,2.06
2019-12-29 16:43:54,2.61
2019-12-29 16:28:16,1.73
2019-12-29 16:24:27,1.82
2019-12-29 16:20:00,2.07
2019-12-29 16:16:47,1.78
2019-12-29 16:15:04,1.44
2019-12-29 16:10:21,1.28
2019-12-29 15:55:57,1.75
2019-12-29 15:40:37,1.43
2019-12-29 15:32:44,2.01
2019-12-29 15:18:46,1.81
2019-12-29 14:42:20,2.03
2019-12-29 14:25:05,1.86
2019-12-29 14:17:24,1.98
2019-12-29 13:07:53,2.1
2019-12-29 13:06:56,2.33
2019-12-29 13:03:50,3.4
2019-12-29 12:12:15,2.27
2019-12-29 11:46:08,2.35
2019-12-29 11:16:46,2.49
2019-12-29 10:40:02,2.15
2019-12-29 10:23:29,2.66
2019-12-29 10:16:19,2.06
2019-12-29 09:55:28,2.42
2019-12-29 09:50:44,1.91
2019-12-29 09:49:19,1.95
2019-12-29 09:47:37,2.2
2019-12-29 09:35:10,2.35
2019-12-29 08:38:32,2.23
2019-12-29 07:53:49,2.27
2019-12-29 07:26:44,3.01
2019-12-29 07:19:10,2.71
2019-12-29 07:12:09,2.38
2019-12-29 07:03:04,2.49
2019-12-29 06:28:31,2.73
2019-12-29 06:13:42,2.16
2019-12-29 05:30:33,2.2
2019-12-29 05:20:30,2.13
2019-12-29 05:10:44,1.9
2019-12-29 05:09:40,2.35
2019-12-29 04:55:09,2.24
2019-12-29 04:37:22,1.55
2019-12-29 04:32:32,1.8
2019-12-29 04:30:59,2.45
2019-12-29 04:18:06,1.56
2019-12-29 04:13:47,2.02
2019-12-29 04:11:13,2.54
2019-12-29 04:10:23,1.57
2019-12-29 03:57:58,2.74
2019-12-29 03:32:51,1.99
2019-12-29 03:24:52,1.76
2019-12-29 03:24:25,1.63
2019-12-29 03:22:43,1.73
2019-12-29 03:20:27,2.59
2019-12-29 03:18:58,1.56
2019-12-29 03:12:21,2.22
2019-12-29 03:11:48,1.83
2019-12-29 03:11:34,1.29
2019-12-29 03:08:52,2.37
2019-12-29 03:01:06,1.82
2019-12-29 02:55:15,1.85
2019-12-29 02:43:33,1.97
2019-12-29 02:35:12,2.22
2019-12-29 02:33:10,2.74
2019-12-29 02:31:11,1.68
2019-12-29 02:28:49,2.94
2019-12-29 02:23:44,1.69
2019-12-29 02:22:55,1.38
2019-12-29 02:22:17,1.01
2019-12-29 02:21:29,2.02
2019-12-29 02:20:25,1.92
2019-12-29 02:14:14,1.63
2019-12-29 01:56:47,2.46
2019-12-29 01:55:19,2.4
2019-12-29 01:49:07,3.55
2019-12-29 01:46:55,2.02
2019-12-29 01:45:20,1.92
2019-12-29 01:43:21,1.89
2019-12-29 01:38:04,1.39
2019-12-29 01:36:45,2.2
2019-12-29 01:32:55,1.84
2019-12-29 01:24:20,2.04
2019-12-29 01:21:15,1.97
2019-12-29 01:17:23,1.95
2019-12-29 01:07:19,1.73
2019-12-29 01:06:50,2.09
2019-12-29 01:00:20,1.42
2019-12-29 00:59:53,1.71
2019-12-29 00:59:07,2.02
2019-12-29 00:52:48,1.53
2019-12-29 00:51:08,1.95
2019-12-29 00:45:00,1.84
2019-12-29 00:43:17,1.91
2019-12-29 00:37:54,1.78
2019-12-29 00:29:27,1.82
2019-12-29 00:27:05,1.76
2019-12-29 00:26:35,1.79
2019-12-29 00:21:11,2.1
2019-12-29 00:17:22,2.11
2019-12-29 00:12:12,2.19
2019-12-29 00:08:24,1.68
2019-12-29 00:02:08,1.87
2019-12-28 23:58:00,2.94
2019-12-28 23:55:48,1.86
2019-12-28 23:53:41,1.96
2019-12-28 23:47:30,1.83
2019-12-28 23:44:09,1.85
2019-12-28 23:40:59,2.12
2019-12-28 23:40:03,2.17
2019-12-28 23:32:54,1.84
2019-12-28 23:32:19,1.99
2019-12-28 23:31:13,2.77
2019-12-28 23:30:13,1.97
2019-12-28 23:28:02,2.13
2019-12-28 23:13:26,1.85
2019-12-28 23:12:09,1.31
2019-12-28 23:10:16,1.66
2019-12-28 23:04:17,2.16
2019-12-28 23:02:45,2.1
2019-12-28 22:58:26,2.04
2019-12-28 22:56:40,2.21
2019-12-28 22:55:08,2.55
2019-12-28 22:50:42,2.5
2019-12-28 22:44:28,1.97
2019-12-28 22:43:01,3.05
2019-12-28 22:37:49,2.82
2019-12-28 22:30:57,2.82
2019-12-28 22:25:31,2.39
2019-12-28 22:25:02,1.71
2019-12-28 22:21:05,2.27
2019-12-28 22:19:38,1.73
2019-12-28 22:16:08,1.84
2019-12-28 22:15:25,1.88
2019-12-28 22:14:29,2.04
2019-12-28 22:11:39,2.14
2019-12-28 22:05:13,1.6
2019-12-28 22:02:06,2.73
2019-12-28 22:01:15,1.97
2019-12-28 21:59:24,1.76
2019-12-28 21:58:44,2.19
2019-12-28 21:56:43,2.51
2019-12-28 21:52:26,2.39
2019-12-28 21:52:02,1.57
2019-12-28 21:50:13,1.48
2019-12-28 21:45:26,1.63
2019-12-28 21:41:57,1.35
2019-12-28 21:40:58,1.46
2019-12-28 21:39:08,1.58
2019-12-28 21:38:26,2.16
2019-12-28 21:38:10,1.09
2019-12-28 21:35:24,1.27
2019-12-28 21:33:21,2.86
2019-12-28 21:25:49,2.32
2019-12-28 21:24:00,1.64
2019-12-28 21:23:40,1.71
2019-12-28 21:21:14,4.7
2019-12-28 21:10:13,2.07
2019-12-28 21:09:55,1.58
2019-12-28 21:07:41,2.39
2019-12-28 21:06:00,5
2019-12-28 20:50:34,2.83
2019-12-28 20:40:52,2.2
2019-12-28 20:36:30,2.89
2019-12-28 20:34:01,3.5
2019-12-28 20:16:50,2.6
2019-12-28 20:07:11,2.07
2019-12-28 20:06:39,3.86
2019-12-28 20:05:35,2.41
2019-12-28 20:01:33,1.98
2019-12-28 20:00:20,2.62
2019-12-28 19:51:30,1.83
2019-12-28 19:35:59,3.65
2019-12-28 19:25:35,2.72
2019-12-28 19:24:22,2.13
2019-12-28 19:20:27,1.45
2019-12-28 19:18:23,2.63
2019-12-28 19:12:17,2.4
2019-12-28 19:01:47,1.81
2019-12-28 18:57:43,2.07
2019-12-28 18:50:54,2.1
2019-12-28 18:46:26,2.95
2019-12-28 18:41:28,2.23
2019-12-28 18:40:45,1.33
2019-12-28 18:39:42,1.27
2019-12-28 18:37:20,2.38
2019-12-28 18:35:37,4.7
2019-12-28 15:52:00,1.97
2019-12-28 15:03:17,1.87
2019-12-28 15:00:26,2.76
2019-12-28 13:12:44,2.69
2019-12-28 11:15:47,2.22
2019-12-28 10:21:24,2.37
2019-12-28 08:45:36,2.14
2019-12-28 08:33:41,2.01
2019-12-28 08:32:09,2.72
2019-12-28 07:52:54,2.63
2019-12-28 07:09:03,1.59
2019-12-28 04:46:15,1.08
2019-12-28 02:22:55,2.23
2019-12-27 22:13:47,2.13
2019-12-27 15:33:01,2.39
2019-12-27 15:08:42,1.46
2019-12-27 14:07:33,2.11
2019-12-27 14:00:42,2.3
2019-12-27 12:26:17,2.56
2019-12-26 19:31:37,2.3
2019-12-26 09:52:23,2.45
2019-12-25 22:53:39,2.08
2019-12-25 22:31:48,2.34
2019-12-25 22:19:48,1.95
2019-12-25 22:02:48,1.95
2019-12-25 19:47:35,2.04
2019-12-25 15:23:16,2.19
2019-12-25 03:04:01,2.89
2019-12-24 17:56:51,2.04
2019-12-24 08:38:40,2.43
2019-12-24 03:24:31,2.36
2019-12-23 23:41:24,2.31
2019-12-23 23:20:56,2.69
2019-12-23 20:09:00,2.39
2019-12-23 19:43:40,2.27
2019-12-23 19:17:38,2.19
2019-12-23 19:06:11,2.15
2019-12-23 17:16:16,2.19
2019-12-23 14:10:40,1.98
2019-12-22 14:34:30,1.89
2019-12-22 13:41:34,2.45
2019-12-22 07:58:51,2.94
2019-12-22 04:59:29,1.84
2019-12-22 04:43:13,2.26
2019-12-22 04:30:27,2.28
2019-12-22 01:03:26,2.51
2019-12-21 20:32:28,2.26
2019-12-21 17:00:22,2.63
2019-12-21 15:53:10,1.92
2019-12-21 11:44:33,2.03
2019-12-20 23:08:05,1.93
2019-12-20 20:59:27,2.15
2019-12-20 20:31:03,2.13
2019-12-20 11:56:05,1.92
2019-12-20 05:27:31,2.28
2019-12-20 04:40:16,2.09
2019-12-20 03:11:32,2.44
2019-12-20 02:01:24,1.68
2019-12-20 00:49:26,1.89
2019-12-20 00:34:06,1.97
2019-12-20 00:10:45,1.52
2019-12-19 23:33:36,1.95
2019-12-19 20:46:49,2.11
